{"cameraMode":{"drawMode":0,"name":"Shaded","section":"Shading Mode"},"sceneLighting":true,"audioPlay":false,"sceneViewState":{"showFog":true,"showMaterialUpdate":false,"showSkybox":true,"showFlares":true,"showImageEffects":true,"showParticleSystems":true},"in2DMode":false,"pivot":{"x":-189.18389892578126,"y":69.51819610595703,"z":12.231804847717286},"rotation":{"x":-0.0827295184135437,"y":0.9012272953987122,"z":-0.1980421245098114,"w":-0.37647145986557009},"size":14.786130905151368,"orthographic":false}