{"cameraMode":{"drawMode":0,"name":"Shaded","section":"Shading Mode"},"sceneLighting":true,"audioPlay":false,"sceneViewState":{"showFog":true,"showMaterialUpdate":false,"showSkybox":true,"showFlares":true,"showImageEffects":true,"showParticleSystems":true},"in2DMode":false,"pivot":{"x":-293.9711608886719,"y":59.396934509277347,"z":34.93070602416992},"rotation":{"x":0.1957092434167862,"y":-0.34039413928985598,"z":0.07266261428594589,"w":0.9168155789375305},"size":9.12024974822998,"orthographic":false}