{"cameraMode":{"drawMode":0,"name":"Shaded","section":"Shading Mode"},"sceneLighting":true,"audioPlay":false,"sceneViewState":{"showFog":true,"showMaterialUpdate":false,"showSkybox":true,"showFlares":true,"showImageEffects":true,"showParticleSystems":true},"in2DMode":false,"pivot":{"x":-5.25383186340332,"y":17.614303588867189,"z":14.14073657989502},"rotation":{"x":0.16491694748401643,"y":0.6604138016700745,"z":0.15197999775409699,"w":-0.7166298627853394},"size":10.0,"orthographic":false}